Date,Open,High,Low,Close,Adj Close,Volume
2020-08-07,10030,10045,9970,10010,9404.462891,122948
2020-08-10,10010,10050,10005,10035,9427.950195,207014
2020-08-11,10045,10055,10030,10045,9437.34375,81106
2020-08-12,9985,10010,9945,10005,9399.765625,66343
2020-08-13,10090,10090,10045,10055,9446.739258,159153
2020-08-14,10110,10110,10070,10095,9484.321289,216668
2020-08-18,10125,10130,10090,10090,9479.625,78472
2020-08-19,10105,10135,10090,10110,9498.414063,84389
2020-08-20,10055,10060,10010,10050,9442.042969,79487
2020-08-21,10105,10150,10105,10135,9521.899414,67963
2020-08-24,10190,10230,10190,10225,9606.452148,156519
2020-08-25,10320,10320,10270,10300,9676.920898,391580
2020-08-26,10315,10325,10295,10310,9686.314453,96101
2020-08-27,10370,11000,10370,10375,9747.380859,110482
2020-08-28,10430,10475,10420,10470,9836.636719,100488
2020-08-31,10475,10520,10455,10520,9883.607422,180183
2020-09-01,10475,10475,10435,10445,9813.148438,83053
2020-09-02,10560,10585,10550,10575,9935.28418,109163
2020-09-03,10695,10720,10680,10700,10052.722656,110358
2020-09-04,10285,10365,10280,10330,9705.106445,121344
2020-09-07,10205,10230,10165,10165,9550.083984,59571
2020-09-08,10260,10300,10250,10290,9667.521484,80929
2020-09-09,9840,10145,9840,9975,9371.580078,105632
2020-09-10,10190,10190,10110,10170,9554.785156,76118
2020-09-11,10000,10075,10000,10070,9460.833008,94933
2020-09-14,10085,10085,10030,10075,9465.530273,31632
2020-09-15,10080,10105,10060,10095,9484.321289,36144
2020-09-16,10095,10130,10085,10105,9493.716797,36483
2020-09-17,10055,10055,9850,9850,9254.140625,76384
2020-09-18,9885,9900,9810,9845,9249.446289,46557
2020-09-21,9780,9780,9640,9655,9070.9375,443072
2020-09-22,9655,9675,9600,9610,9028.660156,331703
2020-09-23,9720,9745,9685,9725,9136.703125,271023
2020-09-24,9520,9565,9490,9540,8962.895508,342769
2020-09-25,9620,9645,9600,9620,9038.054688,257017
2020-09-28,9780,9830,9755,9830,9235.351563,245784
2020-09-29,9955,9955,9895,9915,9315.207031,245753
2020-10-05,9890,9910,9860,9870,9272.931641,244158
2020-10-06,9925,9970,9910,9950,9348.091797,223966
2020-10-07,9820,9860,9820,9850,9254.140625,234481
2020-10-08,9985,10000,9945,9980,9376.276367,260633
2020-10-12,10005,10100,10005,10090,9479.625,263170
2020-10-13,10105,10240,10105,10220,9601.758789,227827
2020-10-14,10195,10195,10135,10180,9564.178711,221263
2020-10-15,10095,10095,10010,10015,9409.160156,215758
2020-10-16,10060,10090,10050,10060,9451.438477,204143
2020-10-19,10050,10070,10035,10060,9451.438477,271961
2020-10-20,9920,9925,9870,9880,9282.328125,245207
2020-10-21,9900,9910,9865,9885,9287.022461,198931
2020-10-22,9800,9805,9760,9775,9183.679688,226974
2020-10-23,9780,9900,9780,9845,9249.446289,210847
2020-10-26,9820,9820,9765,9770,9178.980469,200540
2020-10-27,9675,9715,9650,9685,9099.124023,446745
2020-10-28,9610,9625,9570,9615,9033.356445,475033
2020-10-29,9400,9450,9380,9450,8887.583008,228538
2020-10-30,9345,9370,9230,9260,8708.892578,248271
2020-11-02,9265,9385,9265,9360,8802.938477,402317
2020-11-03,9445,9520,9445,9510,8944.012695,306612
2020-11-04,9610,9830,9565,9695,9118.000977,1242036
2020-11-05,9800,9900,9760,9835,9249.668945,216330
2020-11-06,9935,9935,9840,9840,9254.370117,163821
2020-11-09,9975,10020,9975,9975,9381.336914,196793
2020-11-10,10020,10020,9855,9905,9315.501953,235553
2020-11-11,9950,9960,9905,9930,9339.015625,104135
2020-11-12,9965,10005,9935,9945,9353.120117,99423
2020-11-13,9945,9945,9890,9930,9339.015625,92560
2020-11-16,10080,10100,10040,10095,9494.195313,395722
2020-11-17,10120,10125,10030,10060,9461.27832,345927
2020-11-18,10060,10060,9975,9975,9381.336914,306842
2020-11-19,9950,10035,9935,10025,9428.359375,182404
2020-11-20,9995,10020,9970,10000,9404.848633,402940
2020-11-23,9995,10000,9960,9970,9376.632813,597994
2020-11-24,10085,10085,10030,10075,9475.384766,491040
2020-11-25,10185,10195,10125,10155,9550.624023,464102
2020-11-26,10135,10140,10100,10115,9513.00293,349945
2020-11-27,10095,10100,10055,10100,9498.897461,253141
2020-11-30,10110,10130,10045,10045,9447.169922,274883
2020-12-01,10140,10195,10140,10180,9574.136719,172076
2020-12-02,10195,10195,10120,10125,9522.40918,551885
2020-12-03,10135,10170,10120,10135,9531.8125,200723
2020-12-04,10110,10125,10010,10015,9418.957031,361887
2020-12-07,10095,10100,10040,10055,9456.575195,434293
2020-12-08,10055,10070,10030,10065,9465.980469,124421
2020-12-09,10120,10145,10100,10135,9531.8125,298081
2020-12-10,10090,10090,10025,10050,9451.874023,549793
2020-12-11,10060,10090,10030,10060,9461.27832,501437
2020-12-14,10140,10140,10105,10120,9517.706055,326511
2020-12-15,10110,10125,10050,10060,9461.27832,612747
2020-12-16,10125,10195,10120,10185,9578.837891,327091
2020-12-17,10210,10230,10195,10230,9621.162109,465882
2020-12-18,10260,10290,10255,10280,9668.185547,1525663
2020-12-21,10320,10340,10270,10325,9710.507813,565349
2020-12-22,10320,10330,10270,10275,9663.482422,536496
2020-12-23,10310,10320,10240,10285,9672.887695,417587
2020-12-24,10310,10310,10260,10275,9663.482422,465047
2020-12-28,10325,10325,10255,10300,9686.995117,524457
2020-12-29,10345,10370,10325,10350,9734.018555,486937
2020-12-30,10295,10295,10235,10260,9649.376953,588938
2021-01-04,10300,10305,10245,10265,9654.078125,450866
2021-01-05,10150,10175,10120,10170,9564.733398,491487
2021-01-06,10170,10250,10140,10180,9574.136719,284390
2021-01-07,10195,10370,10185,10350,9734.018555,317391
2021-01-08,10580,10605,10370,10520,9893.900391,395660
2021-01-11,10530,10565,10520,10525,9898.605469,320832
2021-01-12,10525,10575,10520,10560,9931.519531,186391
2021-01-13,10515,10540,10490,10525,9898.605469,212503
2021-01-14,10590,10635,10555,10585,9955.032227,173649
2021-01-15,10530,10530,10445,10485,9860.982422,284054
2021-01-18,10470,10500,10465,10485,9860.982422,170977
2021-01-19,10520,10575,10515,10570,9940.926758,228373
2021-01-20,10585,10600,10540,10575,9945.629883,233755
2021-01-21,10705,10740,10535,10710,10072.59375,391148
2021-01-22,10705,10730,10680,10700,10063.188477,241320
2021-01-25,10720,10755,10715,10720,10081.998047,337845
2021-01-26,10720,10720,10670,10700,10063.188477,241867
2021-01-27,10740,10740,10710,10720,10081.998047,184662
2021-01-28,10190,10530,10040,10530,9921.816406,343774
2021-01-29,10615,10625,10525,10555,9945.373047,387845
2021-02-01,10400,10515,10380,10490,9884.129883,321306
2021-02-02,10610,10670,10610,10660,10044.308594,139078
2021-02-03,10760,10805,10745,10785,10162.088867,196618
2021-02-04,10780,10790,10760,10770,10147.954102,234926
2021-02-05,10870,11015,10810,11005,10369.380859,300645
2021-02-08,10990,11025,10975,11020,10383.515625,215359
2021-02-09,11035,11040,10990,11025,10388.225586,236158
2021-02-10,10975,11015,10960,10960,10326.981445,352467
2021-02-15,10980,11005,10960,10980,10345.826172,332465
2021-02-16,10995,11010,10960,10990,10355.249023,222723
2021-02-17,10905,11000,10905,10995,10359.959961,214170
2021-02-18,10985,10990,10930,10965,10331.693359,258033
2021-02-19,10925,10930,10880,10910,10279.869141,230116
2021-02-22,10895,10910,10875,10895,10265.737305,205787
2021-02-23,10885,10925,10855,10910,10279.869141,140060
2021-02-24,10850,10880,10820,10825,10199.779297,223640
2021-02-25,10990,11010,10965,10990,10355.249023,176441
2021-02-26,10770,10860,10765,10840,10213.913086,305432
2021-03-02,11010,11020,10985,11015,10378.804688,380038
2021-03-03,10995,11010,10975,10990,10355.249023,218302
2021-03-04,10810,10835,10755,10800,10176.220703,223790
2021-03-05,10705,10730,10670,10700,10081.999023,204530
2021-03-08,11160,11165,10915,10940,10308.137695,212127
2021-03-09,11030,11090,11020,11060,10421.205078,232682
2021-03-10,11130,11160,11105,11135,10491.873047,193644
2021-03-11,11185,11240,11185,11220,10571.964844,227756
2021-03-12,11265,11275,11225,11260,10609.654297,276621
2021-03-15,11305,11345,11300,11305,10652.052734,291371
2021-03-16,11340,11375,11325,11325,10670.899414,285436
2021-03-17,11330,11340,11305,11320,10666.189453,170070
2021-03-18,11305,11320,11275,11290,10637.921875,336479
2021-03-19,11190,11240,11155,11185,10538.985352,258807
2021-03-22,11175,11185,11140,11145,10501.296875,214724
2021-03-23,11220,11235,11190,11220,10571.964844,138493
2021-03-24,11200,11205,11170,11190,10543.697266,178441
2021-03-25,11190,11200,11150,11160,10515.428711,164143
2021-03-26,11165,11235,11165,11215,10567.251953,170983
2021-03-29,11325,11325,11275,11295,10642.632813,261797
2021-03-30,11350,11390,11345,11375,10718.012695,210082
2021-03-31,11400,11410,11305,11320,10666.189453,311522
2021-04-01,11435,11435,11325,11380,10722.724609,262977
2021-04-02,11500,11500,11450,11480,10816.946289,362345
2021-04-05,11485,11525,11475,11490,10826.371094,578383
2021-04-06,11600,11600,11500,11505,10840.503906,483995
2021-04-07,11505,11525,11460,11485,10821.65918,437114
2021-04-08,11545,11575,11540,11555,10887.617188,326069
2021-04-09,11575,11590,11550,11590,10920.59375,342465
2021-04-12,11640,11705,11640,11690,11014.819336,527556
2021-04-13,11720,11755,11720,11740,11061.929688,424863
2021-04-14,11740,11750,11680,11685,11010.106445,614553
2021-04-15,11655,11680,11640,11675,11000.688477,390818
2021-04-16,11780,11785,11720,11730,11052.507813,536862
2021-04-19,11750,11825,11750,11795,11113.751953,634773
2021-04-20,11755,11755,11695,11715,11038.375977,593378
2021-04-21,11670,11670,11615,11665,10991.263672,390419
2021-04-22,11740,11775,11725,11760,11080.775391,295281
2021-04-23,11715,11720,11670,11675,11000.688477,440444
2021-04-26,11765,11775,11735,11745,11066.641602,302541
2021-04-27,11755,11775,11730,11755,11076.06543,276679
2021-04-28,11760,11790,11755,11770,11090.197266,274087
2021-04-29,11725,11750,11705,11730,11080.754883,427394
2021-04-30,11730,11740,11705,11740,11090.197266,439888
2021-05-03,11740,11835,11740,11835,11179.941406,464295
2021-05-04,11840,11840,11785,11825,11170.493164,562373
2021-05-06,11820,11820,11785,11810,11156.323242,431462
2021-05-07,11840,11880,11840,11860,11203.554688,368466
2021-05-10,11895,11910,11865,11875,11217.725586,489625
2021-05-11,11765,11770,11700,11745,11094.921875,604346
2021-05-12,11615,11735,11615,11700,11052.414063,421806
2021-05-13,11575,11600,11550,11575,10934.331055,444357
2021-05-14,11705,11755,11690,11735,11085.475586,356770
2021-05-17,11835,11900,11830,11890,11231.897461,318919
2021-05-18,11905,11930,11860,11890,11231.897461,306256
2021-05-20,11840,11840,11695,11725,11076.02832,335853
2021-05-21,11825,11830,11800,11820,11165.770508,198133
2021-05-24,11810,11845,11795,11815,11161.047852,300618
2021-05-25,11945,11945,11875,11910,11250.789063,247986
2021-05-26,11905,11905,11800,11810,11156.323242,364948
2021-05-27,11810,11825,11780,11800,11146.878906,220097
2021-05-28,11820,11870,11820,11830,11175.217773,191912
2021-05-31,11840,11845,11765,11780,11127.983398,346246
2021-06-01,11755,11755,11705,11725,11076.02832,485008
2021-06-02,11725,11780,11725,11780,11127.983398,242244
2021-06-03,11785,11820,11780,11815,11161.047852,217616
2021-06-04,11800,11815,11775,11790,11137.430664,198540
2021-06-07,11830,11850,11805,11835,11179.941406,267708
2021-06-08,11835,11880,11835,11870,11213.003906,187092
2021-06-09,11875,11905,11860,11870,11213.003906,267959
2021-06-10,11870,11885,11860,11880,11222.448242,224092
2021-06-11,11895,11895,11865,11875,11217.725586,318268
2021-06-14,11885,11975,11880,11955,11293.298828,232572
2021-06-15,11970,12020,11965,12015,11349.976563,257075
2021-06-16,11985,11990,11955,11965,11302.744141,391051
2021-06-17,11975,12015,11950,11995,11331.085938,205032
2021-06-18,12005,12080,12000,12060,11392.487305,354406
2021-06-21,11920,11920,11845,11905,11246.063477,744505
2021-06-22,12050,12095,12050,12080,11411.37793,247323
2021-06-23,12150,12210,12115,12210,11534.18457,278239
2021-06-24,12185,12205,12165,12175,11501.121094,457924
2021-06-25,12195,12215,12135,12150,11477.507813,441970
2021-06-28,12170,12225,12170,12215,11538.908203,323306
2021-06-29,12225,12235,12200,12215,11538.908203,428810
2021-06-30,12300,12300,12205,12210,11534.18457,512447
2021-07-01,12245,12315,12245,12310,11628.649414,299124
2021-07-02,12365,12380,12360,12375,11690.052734,306516
2021-07-05,12420,12425,12375,12405,11718.391602,479403
2021-07-06,12435,12460,12405,12405,11718.391602,467632
2021-07-07,12420,12490,12415,12475,11784.516602,277373
2021-07-08,12555,12580,12525,12560,11864.8125,475300
2021-07-09,12540,12540,12465,12535,11841.194336,488930
2021-07-12,12640,12645,12610,12640,11940.383789,465928
2021-07-13,12675,12700,12650,12665,11964,516441
2021-07-14,12665,12700,12645,12650,11949.831055,400233
2021-07-15,12650,12665,12585,12605,11907.321289,609417
2021-07-16,12555,12570,12530,12555,11860.085938,445564
2021-07-19,12450,12500,12440,12500,11808.133789,414239
2021-07-20,12430,12440,12390,12420,11732.5625,613492
2021-07-21,12575,12595,12545,12595,11897.875,353166
2021-07-22,12675,12695,12655,12670,11968.723633,314441
2021-07-23,12705,12735,12690,12725,12020.681641,311701
2021-07-26,12840,12840,12785,12815,12105.698242,598551
2021-07-27,12870,12870,12800,12815,12105.698242,429143
2021-07-28,12805,12845,12800,12825,12115.145508,378794
2021-07-29,12765,12765,12670,12720,12048.836914,633112
2021-07-30,12675,12700,12650,12695,12025.158203,383421
2021-08-02,12785,12840,12780,12810,12134.089844,388553
2021-08-03,12750,12765,12720,12725,12053.576172,568000
2021-08-04,12790,12790,12715,12735,12063.047852,483232
2021-08-05,12710,12730,12670,12695,12025.158203,571907
2021-08-06,12740,12745,12715,12740,12067.78418,322067
2021-08-09,12775,12775,12735,12755,12081.992188,373956
2021-08-10,12810,12825,12785,12820,12143.5625,264990
2021-08-11,12870,12920,12870,12915,12233.547852,347458
2021-08-12,12925,13015,12925,13005,12318.800781,468096
2021-08-13,13060,13140,13060,13140,12446.675781,579364
2021-08-17,13170,13270,13160,13240,12541.399414,838626
2021-08-18,13180,13185,13090,13095,12404.049805,1026030
2021-08-19,12985,13025,12955,12955,12271.438477,692269
2021-08-20,13015,13045,12970,13040,12351.953125,501859
2021-08-23,13130,13150,13115,13140,12446.675781,573723
2021-08-24,13205,13205,13140,13155,12460.883789,733365
2021-08-25,13145,13170,13120,13155,12460.883789,597267
2021-08-26,13155,13225,13135,13215,12517.720703,441431
2021-08-27,13170,13185,13145,13175,12479.830078,548469
2021-08-30,13205,13235,13180,13235,12536.666016,654016
2021-08-31,13270,13290,13235,13245,12546.138672,824507
2021-09-01,13220,13225,13180,13220,12522.455078,605093
2021-09-02,13310,13315,13160,13220,12522.455078,677447
2021-09-03,13225,13245,13195,13240,12541.399414,573507
2021-09-06,13240,13260,13165,13230,12531.927734,601531
2021-09-07,13230,13245,13215,13240,12541.399414,389952
2021-09-08,13220,13275,13215,13270,12569.820313,390996
2021-09-09,13260,13275,13230,13235,12536.666016,447815
2021-09-10,13235,13285,13225,13260,12560.344727,369662
2021-09-13,13250,13250,13195,13240,12541.399414,436295
2021-09-14,13240,13245,13195,13200,12503.509766,499863
2021-09-15,13165,13165,13095,13100,12408.787109,691157
2021-09-16,13170,13220,13165,13220,12522.455078,334954
2021-09-17,13215,13265,13210,13250,12550.87207,434148
2021-09-23,13130,13165,13050,13050,12361.426758,1189615
2021-09-24,13165,13210,13140,13160,12465.62207,461930
2021-09-27,13235,13265,13220,13260,12560.344727,538054
2021-09-28,13190,13245,13175,13230,12531.927734,445672
2021-09-29,13035,13055,13015,13025,12337.744141,870390
2021-09-30,13060,13120,13035,13105,12413.523438,739009
2021-10-01,12880,12915,12795,12795,12119.881836,2271714
2021-10-05,12825,12890,12760,12860,12181.450195,1260820
2021-10-06,12980,13010,12930,12995,12309.327148,1125880
2021-10-07,13110,13175,13095,13170,12475.092773,1451183
2021-10-08,13235,13260,13210,13240,12541.399414,496834
2021-10-12,13160,13160,13090,13105,12413.523438,395603
2021-10-13,13105,13105,13045,13060,12370.896484,345748
2021-10-14,13065,13130,13065,13110,12418.259766,374815
2021-10-15,13265,13270,13210,13255,12555.608398,372889
2021-10-18,13275,13360,13265,13325,12621.917969,389911
2021-10-19,13650,13650,13335,13345,12640.859375,401205
2021-10-20,13420,13420,13335,13350,12645.59668,417095
2021-10-21,13420,13435,13385,13420,12711.90332,530653
2021-10-22,13495,13505,13465,13480,12768.737305,624254
2021-10-25,13465,13465,13375,13390,12683.487305,664032
2021-10-26,13465,13495,13420,13485,12773.47168,705493
2021-10-27,13485,13510,13435,13505,12792.416016,373598
2021-10-28,13480,13480,13410,13415,12730.733398,876670
2021-10-29,13470,13485,13435,13445,12759.204102,666797
2021-11-01,13605,13680,13600,13640,12944.256836,1250299
2021-11-02,13655,13660,13585,13610,12915.787109,1344943
2021-11-03,13720,13755,13700,13750,13048.648438,1021648
2021-11-04,13840,13855,13805,13855,13148.289063,1430884
2021-11-05,13970,13970,13925,13940,13228.955078,1217385
2021-11-08,13965,13980,13940,13955,13243.188477,1354755
2021-11-09,13965,13970,13880,13900,13190.993164,1647131
2021-11-10,13860,13900,13860,13885,13176.759766,1380293
2021-11-11,13850,13885,13815,13815,13110.330078,899709
2021-11-12,13820,13880,13780,13820,13115.076172,4129551
2021-11-15,13900,13950,13880,13885,13176.759766,1647652
2021-11-16,13930,13950,13860,13885,13176.759766,694447
2021-11-17,13980,14015,13960,13970,13257.423828,1074658
2021-11-18,13950,13960,13910,13950,13238.444336,1583829
2021-11-19,14005,14090,13990,14085,13366.55957,1697372
2021-11-22,14085,14090,14045,14050,13333.34375,1831525
2021-11-23,14050,14050,13980,13990,13276.404297,769560
2021-11-24,14015,14040,14000,14010,13295.383789,514824
2021-11-25,14020,14130,14020,14125,13404.519531,589910
2021-11-26,14055,14080,13955,13955,13243.188477,1373351
2021-11-29,13870,13940,13700,13915,13205.230469,1156992
2021-11-30,13990,13990,13720,13785,13081.860352,1683682
2021-12-01,13770,13770,13610,13700,13001.197266,1138951
2021-12-02,13480,13485,13400,13440,12754.458984,1610396
2021-12-03,13540,13620,13505,13615,12920.53125,723504
2021-12-06,13580,13615,13565,13590,12896.806641,663327
2021-12-07,13680,13725,13660,13725,13024.919922,761319
2021-12-08,13920,13955,13880,13930,13219.464844,628589
2021-12-09,13895,13915,13865,13880,13172.014648,558675
2021-12-10,13870,13885,13830,13875,13167.269531,496372
2021-12-13,14020,14035,14010,14030,13314.365234,515956
2021-12-14,13935,13965,13910,13920,13209.974609,574630
2021-12-15,13900,13900,13825,13865,13157.780273,643976
2021-12-16,14055,14095,14025,14095,13376.049805,532343
2021-12-17,13960,13970,13875,13875,13167.269531,974045
2021-12-20,13760,13775,13675,13675,12977.472656,1141659
2021-12-21,13730,13840,13725,13835,13129.310547,568489
2021-12-22,13930,13955,13920,13950,13238.444336,508223
2021-12-23,14045,14075,14030,14045,13328.600586,404660
2021-12-24,14095,14130,14095,14125,13404.519531,444556
2021-12-27,14125,14180,14120,14130,13409.263672,468547
2021-12-28,14280,14340,14280,14340,13608.550781,561135
2021-12-29,14345,14360,14310,14330,13599.060547,762459
2021-12-30,14315,14350,14270,14350,13618.041992,615802
2022-01-04,14410,14460,14410,14450,13712.942383,1226439
2022-01-05,14440,14460,14415,14420,13684.469727,1013306
2022-01-06,14225,14240,14130,14155,13432.987305,1571255
2022-01-07,14210,14295,14210,14250,13523.141602,953691
2022-01-10,14115,14165,14080,14145,13423.5,1158993
2022-01-11,14115,14115,14045,14050,13333.34375,918421
2022-01-12,14140,14175,14110,14170,13447.22168,2333509
2022-01-13,14150,14160,14110,14125,13404.519531,2285347
2022-01-14,13970,13980,13910,13970,13257.423828,2352435
2022-01-17,13975,14020,13970,14000,13285.892578,648101
2022-01-18,14010,14010,13895,13920,13209.974609,1494749
2022-01-19,13775,13775,13640,13675,12977.472656,1341812
2022-01-20,13570,13680,13555,13680,12982.214844,2306332
2022-01-21,13465,13465,13345,13430,12744.96875,1832860
2022-01-24,13285,13330,13275,13330,12650.070313,2419736
2022-01-25,13295,13300,13110,13180,12507.720703,2526707
2022-01-26,13145,13200,13085,13195,12521.956055,2095453
2022-01-27,13210,13215,12905,12965,12341.097656,5815717
2022-01-28,13125,13210,13100,13200,12564.786133,1948259
2022-02-03,13730,13775,13710,13770,13107.358398,1209699
2022-02-04,13680,13680,13615,13645,12988.375977,1182456
2022-02-07,13585,13595,13500,13575,12921.744141,882291
2022-02-08,13540,13540,13480,13510,12859.87207,896307
2022-02-09,13535,13665,13535,13655,12997.892578,591214
2022-02-10,13770,13780,13740,13775,13112.118164,1222612
2022-02-11,13530,13560,13440,13460,12812.276367,1834543
2022-02-15,13220,13285,13220,13275,12636.178711,1424739
2022-02-16,13420,13445,13400,13445,12798.000977,811204
2022-02-17,13450,13455,13390,13415,12769.442383,1765358
2022-02-18,13200,13285,13175,13255,12617.141602,1505056
2022-02-21,13060,13170,13020,13110,12479.120117,1543665
2022-02-22,12940,12995,12825,12865,12245.911133,1466673
2022-02-23,12975,13015,12940,12995,12369.654297,1824193
2022-02-24,12690,12720,12445,12535,11931.788086,3815303
2022-02-25,12910,12950,12865,12900,12279.226563,2907479
2022-02-28,12970,13080,12955,12990,12364.893555,2213923
2022-03-02,13075,13125,13045,13100,12469.600586,1503572
2022-03-03,13300,13320,13240,13315,12674.253906,1532114
2022-03-04,13275,13315,13070,13285,12645.699219,2350712
2022-03-07,13280,13280,13095,13205,12569.549805,2059349
2022-03-08,12970,13080,12960,12960,12336.339844,2147161
2022-03-10,13220,13255,13180,13210,12574.307617,1162202
2022-03-11,13205,13240,13155,13235,12598.106445,887254
2022-03-14,13210,13260,13130,13260,12621.900391,918693
2022-03-15,13105,13105,13030,13055,12426.766602,874348
2022-03-16,13310,13340,13270,13315,12674.253906,748339
2022-03-17,13475,13580,13295,13330,12688.535156,1881779
2022-03-18,13390,13415,13310,13375,12731.367188,1424149
2022-03-21,13595,13620,13500,13610,12955.05957,1145120
2022-03-22,13660,13695,13625,13660,13002.652344,1060301
2022-03-23,13805,13840,13765,13810,13145.435547,1212447
2022-03-24,13700,13750,13675,13735,13074.044922,782142
2022-03-25,13880,13900,13835,13900,13231.102539,1061323
2022-03-28,13950,13995,13950,13980,13307.251953,1091293
2022-03-29,14085,14105,14045,14075,13397.681641,1799302
2022-03-30,14125,14150,14060,14110,13430.999023,1502502
2022-03-31,14080,14085,14035,14085,13407.203125,1477081
2022-04-01,13910,13955,13910,13930,13259.65918,1488230
2022-04-04,13930,13955,13895,13935,13264.419922,1065012
2022-04-05,14015,14015,13960,13985,13312.016602,1557518
2022-04-06,13865,13915,13860,13895,13226.344727,1182140
2022-04-07,13735,13745,13690,13745,13083.5625,1460760
2022-04-08,13860,13915,13830,13910,13240.623047,995032
2022-04-11,13870,13905,13835,13890,13221.584961,1126819
2022-04-12,13705,13745,13675,13695,13035.96875,1134628
2022-04-13,13690,13695,13630,13695,13035.96875,1471347
2022-04-14,13695,13745,13695,13740,13078.803711,1429037
2022-04-15,13630,13725,13600,13700,13040.729492,508357
2022-04-18,13640,13690,13530,13600,12945.541016,721482
2022-04-19,13710,13750,13670,13725,13064.524414,977282
2022-04-20,13880,13895,13790,13820,13154.953125,1682014
2022-04-21,13900,13970,13900,13950,13278.697266,818936
2022-04-22,13720,13725,13660,13700,13040.729492,1655432
2022-04-25,13430,13435,13295,13355,12712.329102,1876967
2022-04-26,13495,13550,13480,13525,12874.148438,760072
2022-04-27,13200,13395,13200,13395,12750.405273,1552826
2022-04-28,13450,13510,13360,13510,12898.388672,667054
2022-04-29,13600,13625,13485,13490,12879.292969,623179
2022-05-03,13230,13280,13205,13260,12659.704102,1342918
2022-05-04,13320,13320,13220,13290,12688.348633,1181598
2022-05-06,13200,13290,13200,13250,12650.158203,1901238
2022-05-10,12750,12900,12735,12900,12316.003906,2072721
2022-05-11,12900,12905,12810,12890,12306.455078,1822101
2022-05-12,12750,12775,12660,12715,12139.379883,1907313
2022-05-13,12755,12825,12750,12780,12201.4375,2049488
2022-05-16,12925,12975,12845,12890,12306.455078,1781987
2022-05-17,12890,12930,12870,12905,12320.780273,1412418
2022-05-18,13050,13085,12985,12995,12406.702148,1652422
2022-05-19,12530,12595,12490,12590,12020.039063,5572616
2022-05-20,12540,12565,12445,12520,11953.207031,2015509
2022-05-23,12540,12575,12515,12555,11986.621094,1264353
2022-05-24,12650,12650,12465,12485,11919.790039,2241339
2022-05-25,12520,12600,12520,12565,11996.169922,937413
2022-05-26,12620,12700,12620,12645,12072.547852,1540293
2022-05-27,12950,12950,12760,12795,12215.756836,1424824
2022-05-30,13110,13130,13020,13065,12473.536133,1199879
2022-05-31,13065,13065,12920,12945,12358.96582,1297334
2022-06-02,12890,12935,12820,12915,12330.323242,1253185
2022-06-03,13090,13090,13005,13040,12449.666016,2059732
2022-06-07,13020,13020,12925,12970,12382.833008,1502578
2022-06-08,13070,13115,13065,13090,12497.40332,964193
2022-06-09,13020,13035,12940,12975,12387.609375,1835094
2022-06-10,12810,12850,12755,12850,12268.267578,523044
2022-06-13,12550,12550,12360,12365,11805.223633,3475230
2022-06-14,12170,12325,12165,12300,11743.166016,2103560
2022-06-15,12300,12300,12145,12185,11633.37207,2683734
2022-06-16,12315,12340,12205,12205,11652.466797,2661118
2022-06-17,11980,11990,11895,11960,11418.556641,3303569
2022-06-20,11990,12005,11905,11985,11442.425781,2067038
2022-06-21,12080,12120,12035,12105,11556.995117,2617206
2022-06-22,12210,12210,12115,12130,11580.862305,1620500
2022-06-23,12205,12325,12205,12280,11724.071289,2251133
2022-06-24,12350,12505,12350,12490,11924.566406,1296458
2022-06-27,12640,12690,12595,12665,12091.642578,2294208
2022-06-28,12645,12670,12570,12665,12091.642578,1130411
2022-06-29,12500,12515,12405,12515,11948.433594,1293583
2022-06-30,12515,12515,12345,12350,11790.90332,1000803
2022-07-01,12340,12370,12215,12260,11704.977539,1373920
2022-07-04,12370,12450,12370,12445,11881.601563,553351
2022-07-05,12540,12570,12505,12570,12000.942383,639339
2022-07-06,12550,12635,12530,12535,11967.525391,1817001
2022-07-07,12615,12645,12575,12615,12043.90625,2037638
2022-07-08,12720,12750,12695,12715,12139.379883,2210996
2022-07-11,12715,12720,12650,12685,12110.736328,418611
2022-07-12,12660,12720,12650,12655,12082.09375,560538
2022-07-13,12630,12630,12545,12590,12020.039063,493205
2022-07-14,12485,12530,12420,12505,11938.886719,612875
2022-07-15,12575,12680,12575,12665,12091.642578,680568
2022-07-18,12840,12885,12810,12875,12292.135742,961378
2022-07-19,12760,12760,12660,12695,12120.285156,1050583
2022-07-20,12940,13055,12925,13045,12454.438477,791415
2022-07-21,13070,13090,13030,13045,12454.438477,947446
2022-07-22,13090,13170,13090,13150,12554.686523,648489
2022-07-25,13070,13085,13015,13075,12483.082031,562970
2022-07-26,13060,13065,13025,13030,12440.117188,521447
2022-07-27,13030,13095,13020,13080,12487.854492,960320
2022-07-28,13185,13185,13095,13105,12511.723633,622955
2022-07-29,13300,13395,13295,13370,12764.727539,887656
2022-08-01,13395,13515,13395,13470,12860.199219,757603
2022-08-02,13485,13525,13425,13440,12831.558594,1490447
2022-08-03,13445,13510,13440,13495,12884.067383,1338150
2022-08-04,13595,13675,13590,13650,13032.050781,1990312
2022-08-05,13600,13605,13540,13560,12946.125,1454477
2022-08-08,13545,13605,13510,13605,12989.086914,454697
2022-08-09,13605,13610,13560,13575,12960.446289,456604
2022-08-10,13555,13560,13525,13540,12927.03125,514369
2022-08-11,13700,13825,13700,13815,13189.579102,1576228
2022-08-12,13805,13830,13745,13785,13160.938477,1563620
2022-08-16,13805,14140,13805,14095,13456.90625,2446364
2022-08-17,14150,14195,14150,14170,13528.509766,2136440
2022-08-18,14085,14180,14070,14140,13499.868164,1715618
2022-08-19,14220,14290,14210,14220,13576.24707,925162
2022-08-22,14065,14190,14065,14165,13523.736328,1524876
2022-08-23,13970,14025,13920,13930,13299.374023,2749482
2022-08-24,13880,13920,13860,13905,13275.507813,962004
2022-08-25,13960,14025,13915,14010,13375.753906,1427227
2022-08-26,14055,14130,14010,14020,13385.299805,700281
2022-08-29,13500,13670,13500,13650,13032.050781,1442536
2022-08-30,13655,13705,13630,13680,13060.691406,1540577
2022-08-31,13530,13570,13485,13485,12874.521484,2153535
2022-09-01,13320,13385,13285,13370,12764.727539,3003209
2022-09-02,13500,13570,13470,13570,12955.671875,1534403
2022-09-05,13485,13565,13455,13555,12941.350586,1937523
2022-09-06,13535,13615,13505,13590,12974.766602,527688
2022-09-07,13545,13585,13495,13575,12960.446289,997631
2022-09-08,13720,13840,13720,13830,13203.90332,1184887
2022-09-13,14210,14240,14175,14235,13590.566406,1417133
2022-09-14,13785,13805,13735,13775,13151.392578,1727063
2022-09-15,13820,13870,13800,13830,13203.90332,814476
2022-09-16,13675,13675,13495,13515,12903.161133,1113899
2022-09-19,13515,13540,13460,13505,12893.614258,1063845
2022-09-20,13630,13665,13600,13640,13022.50293,579597
2022-09-21,13475,13530,13440,13495,12884.067383,1124712
2022-09-22,13325,13385,13230,13385,12779.048828,1381927
2022-09-23,13375,13375,13255,13285,12683.575195,760647
2022-09-26,13175,13230,13140,13180,12583.328125,1579857
2022-09-27,13175,13225,13160,13215,12616.744141,1271149
2022-09-28,13095,13170,13055,13150,12554.686523,1258031
2022-09-29,13295,13430,13295,13350,12745.632813,831647
2022-09-30,13125,13160,13040,13130,12535.591797,1403862
2022-10-04,13275,13345,13270,13310,12707.444336,768385
2022-10-05,13465,13490,13365,13365,12759.953125,931861
2022-10-06,13490,13500,13340,13360,12755.177734,669298
2022-10-07,13215,13285,13195,13215,12616.744141,1306344
2022-10-11,13060,13060,12945,12990,12401.928711,1084828
2022-10-12,12945,12965,12895,12965,12378.060547,1427729
2022-10-13,12870,12880,12830,12865,12282.589844,494348
2022-10-14,13150,13255,13145,13255,12654.930664,1632866
2022-10-17,13120,13120,12975,13030,12440.117188,876833
2022-10-18,13300,13410,13280,13355,12750.404297,898137
2022-10-19,13425,13430,13325,13365,12759.953125,470486
2022-10-20,13305,13305,13210,13275,12674.026367,1461802
2022-10-21,13140,13230,13120,13215,12616.744141,1032246
2022-10-24,13505,13625,13505,13590,12974.766602,1391338
2022-10-25,13720,13775,13665,13685,13065.46582,860294
2022-10-26,13705,13740,13665,13690,13070.239258,960097
2022-10-27,13660,13775,13660,13720,13098.880859,665968
2022-10-28,13510,13515,13435,13460,12888.227539,3071866
2022-10-31,13820,13895,13815,13895,13304.75,1182596
2022-11-01,13850,13890,13795,13845,13256.873047,1992561
2022-11-02,13715,13750,13690,13730,13146.757813,551663
2022-11-03,13430,13440,13385,13430,12859.50293,1579484
2022-11-04,13275,13310,13225,13275,12711.084961,850857
2022-11-07,13240,13300,13205,13220,12658.421875,882517
2022-11-08,13305,13310,13185,13205,12644.057617,995984
2022-11-09,13215,13245,13055,13070,12514.792969,2958961
2022-11-10,12895,12955,12825,12950,12399.892578,1277400
2022-11-11,13645,13645,13075,13150,12591.394531,1380193
2022-11-14,13170,13285,13065,13220,12658.421875,1006401
2022-11-15,13190,13215,13130,13165,12605.757813,1779053
2022-11-16,13165,13320,13155,13295,12730.236328,905744
2022-11-17,13295,13380,13245,13380,12811.626953,976221
2022-11-18,13325,13325,13245,13250,12687.146484,454701
2022-11-21,13325,13455,13320,13440,12869.075195,1753486
2022-11-22,13450,13515,13405,13450,12878.651367,2331488
2022-11-23,13570,13600,13535,13565,12988.766602,2063037
2022-11-24,13575,13580,13420,13430,12859.50293,1096609
2022-11-25,13430,13510,13360,13425,12854.712891,682565
2022-11-28,13455,13480,13410,13445,12873.864258,891744
2022-11-29,13350,13360,13195,13250,12687.146484,1076200
2022-11-30,13230,13230,13085,13105,12548.307617,1562936
2022-12-01,13325,13390,13280,13305,12739.811523,1997439
2022-12-02,13315,13330,13245,13285,12720.662109,587802
2022-12-05,13285,13285,13165,13195,12634.486328,1715253
2022-12-06,13110,13235,13090,13235,12672.786133,664611
2022-12-07,13095,13125,13000,13065,12510.007813,1506549
2022-12-08,13005,13035,12985,13010,12457.342773,574471
2022-12-09,13085,13100,12945,12965,12414.25293,736563
2022-12-12,12880,12940,12870,12890,12342.44043,649729
2022-12-13,13035,13085,13010,13030,12476.491211,1297734
2022-12-14,13030,13150,13030,13100,12543.518555,885267
2022-12-15,13060,13085,13035,13080,12524.367188,847660
2022-12-16,13000,13000,12765,12770,12227.537109,1653772
2022-12-19,12750,12750,12555,12605,12069.546875,813557
2022-12-20,12540,12540,12265,12265,11743.989258,1463514
2022-12-21,12380,12440,12345,12380,11854.106445,979004
2022-12-22,12485,12525,12430,12450,11921.129883,762422
2022-12-23,12370,12370,12275,12285,11763.140625,661901
2022-12-26,12330,12370,12305,12350,11825.378906,303426
2022-12-27,12380,12380,12280,12365,11839.742188,630179
2022-12-28,12250,12250,12180,12195,11676.963867,806820
2022-12-29,12150,12150,12000,12035,11523.759766,622226
2023-01-02,12125,12285,12040,12280,11758.352539,391381
2023-01-03,12275,12320,12190,12285,11763.140625,4118143
2023-01-04,12250,12285,12205,12235,11715.264648,4794279
2023-01-05,12295,12315,12230,12260,11739.204102,519536
2023-01-06,12245,12245,12110,12165,11648.237305,511236
2023-01-09,12305,12305,12185,12200,11681.75,1068620
2023-01-10,12185,12185,12065,12160,11643.450195,634906
2023-01-11,12210,12310,12210,12275,11753.564453,751505
2023-01-12,12355,12435,12350,12415,11887.618164,657784
2023-01-13,12415,12430,12360,12405,11878.045898,772859
2023-01-16,12415,12435,12385,12405,11878.045898,679053
2023-01-17,12420,12440,12385,12410,11882.828125,449460
2023-01-18,12400,12505,12355,12420,11892.405273,851409
2023-01-19,12300,12300,12140,12155,11638.662109,866765
2023-01-20,12095,12155,12065,12135,11619.510742,724617
2023-01-25,12365,12420,12365,12375,11849.316406,561787
2023-01-26,12430,12470,12420,12465,11935.493164,576026
2023-01-27,12595,12595,12485,12530,11997.732422,750155
2023-01-30,12525,12525,12465,12475,11983.323242,722501
2023-01-31,12430,12440,12365,12395,11906.475586,1003260
2023-02-01,12550,12560,12515,12530,12036.15625,952727
2023-02-02,12605,12655,12575,12625,12127.412109,946578
2023-02-03,12705,12795,12675,12795,12290.711914,1071751
2023-02-06,12860,12920,12840,12920,12410.785156,814804
2023-02-07,12940,12985,12920,12935,12425.194336,634202
2023-02-08,13025,13145,13020,13140,12622.115234,686719
2023-02-09,13030,13075,13000,13075,12559.676758,767698
2023-02-10,12945,12945,12890,12910,12401.178711,718530
2023-02-13,12935,13040,12925,13040,12526.055664,616888
2023-02-14,13195,13195,13100,13130,12612.506836,480243
2023-02-15,13135,13250,13135,13210,12689.356445,867373
2023-02-16,13315,13390,13315,13370,12843.049805,2332910
2023-02-17,13195,13300,13185,13250,12727.77832,1311666
2023-02-20,13250,13260,13210,13240,12718.173828,2183903
2023-02-21,13240,13240,13175,13190,12670.143555,493670
2023-02-22,13085,13105,13050,13095,12578.888672,1337213
2023-02-23,13080,13100,13000,13040,12526.055664,969526
2023-02-24,13050,13100,13020,13100,12583.69043,1497569
2023-02-27,13100,13170,13065,13170,12650.933594,956177
2023-02-28,13170,13235,13135,13215,12694.15918,556454
2023-03-02,13205,13205,12915,12960,12449.208984,1064726
2023-03-03,13050,13065,12930,12965,12454.010742,650138
2023-03-06,13095,13195,13090,13160,12641.327148,911748
2023-03-07,13180,13225,13180,13205,12684.551758,416184
2023-03-08,13165,13220,13140,13195,12674.949219,600829
2023-03-09,13160,13220,13155,13220,12698.961914,384665
2023-03-10,13000,13000,12900,12915,12405.982422,891514
2023-03-13,12890,12915,12790,12835,12329.135742,4299354
2023-03-14,12580,12705,12550,12680,12180.245117,1127331
2023-03-15,12835,12835,12760,12830,12324.333008,1082176
2023-03-16,12765,12885,12765,12850,12343.544922,974761
2023-03-17,12950,12995,12905,12960,12449.208984,647269
2023-03-20,12955,12955,12820,12820,12314.726563,805126
2023-03-21,12930,13000,12910,13000,12487.632813,536729
2023-03-22,13085,13155,13085,13140,12622.115234,838308
2023-03-23,13005,13005,12675,12715,12213.866211,1762458
2023-03-24,12725,12830,12725,12830,12324.333008,690195
2023-03-27,12965,13050,12950,13050,12535.664063,991106
2023-03-28,12985,12995,12930,12990,12478.026367,463006
2023-03-29,12990,13075,12935,13070,12554.873047,1903031
2023-03-30,13210,13210,13140,13155,12636.522461,805260
2023-03-31,13170,13240,13135,13235,12713.37207,940478
2023-04-03,13410,13570,13410,13525,12991.941406,2015215
2023-04-04,13525,13620,13495,13620,13083.197266,1188161
2023-04-05,13575,13575,13460,13490,12958.319336,881697
2023-04-06,13455,13550,13455,13520,12987.137695,851133
2023-04-07,13565,13585,13535,13560,13025.561523,507663
2023-04-10,13560,13635,13560,13580,13044.774414,665804
2023-04-11,13615,13660,13600,13660,13121.619141,811336
2023-04-12,13660,13685,13620,13670,13131.226563,664229
2023-04-13,13650,13650,13455,13495,12963.12207,1155193
2023-04-14,13550,13570,13480,13520,12987.137695,984697
2023-04-17,13565,13675,13565,13645,13107.209961,1439380
2023-04-18,13705,13765,13700,13745,13203.269531,1117091
2023-04-19,13745,13780,13700,13780,13236.890625,836533
2023-04-20,13810,13870,13725,13760,13217.677734,774665
2023-04-21,13750,13805,13715,13770,13227.28418,671095
2023-04-24,13800,13835,13765,13795,13251.299805,801868
2023-04-25,13820,13870,13790,13800,13256.102539,1063033
2023-04-26,13725,13765,13000,13705,13164.844727,1662078
2023-04-27,13595,13650,13580,13620,13135.914063,1143547
2023-04-28,13815,13865,13805,13830,13338.448242,1122034
2023-05-02,13910,13975,13900,13965,13468.651367,1216234
2023-05-03,13920,13920,13780,13815,13323.980469,1006773
2023-05-04,13630,13630,13530,13555,13073.22168,1170104
2023-05-08,13630,13700,13630,13650,13164.844727,671699
2023-05-09,13670,13725,13660,13695,13208.246094,386436
2023-05-10,13665,13680,13650,13680,13193.78125,428891
2023-05-11,13745,13745,13645,13745,13256.467773,1208890
2023-05-12,13785,13845,13760,13825,13333.626953,571138
2023-05-15,13825,13835,13780,13815,13323.980469,844920
2023-05-16,13815,13825,13785,13805,13314.335938,945060
2023-05-17,13805,13830,13765,13765,13275.758789,545745
2023-05-19,14000,14065,13955,13965,13468.651367,1365803
2023-05-22,13935,13935,13800,13825,13333.626953,764556
2023-05-23,13825,13840,13775,13790,13299.869141,619850
2023-05-25,13680,13735,13655,13735,13246.824219,1039428
2023-05-26,13770,13800,13725,13775,13285.40332,891619
2023-05-30,13950,13995,13905,13985,13487.939453,984048
2023-05-31,13925,13930,13860,13905,13410.783203,1188925
2023-06-01,13895,13895,13790,13860,13367.382813,1093464
2023-06-02,13900,13910,13820,13840,13348.092773,672952
2023-06-05,13995,14045,13990,14015,13516.875,990041
2023-06-07,13985,14010,13925,14000,13502.40625,1006630
2023-06-08,13955,13995,13910,13915,13420.427734,636511
2023-06-09,13940,13970,13880,13880,13386.671875,693034
2023-06-12,13910,13955,13900,13920,13425.25,467284
2023-06-13,13970,13985,13850,13885,13391.493164,5377045
2023-06-14,13890,14015,13890,14000,13502.40625,1113752
2023-06-15,13990,14075,13960,14015,13516.875,954045
2023-06-16,14070,14140,14055,14105,13603.674805,876830
2023-06-19,14120,14175,14095,14150,13647.074219,740966
2023-06-20,14150,14170,14090,14105,13603.674805,754003
2023-06-21,14155,14235,14155,14205,13700.12207,1319996
2023-06-22,14120,14150,14100,14135,13632.609375,639780
2023-06-23,14245,14290,14235,14270,13762.808594,741307
2023-06-26,14290,14290,14200,14240,13733.875977,5517553
2023-06-27,14210,14215,14120,14155,13651.896484,817977
2023-06-28,14230,14330,14230,14325,13815.856445,997577
2023-06-29,14390,14460,14355,14455,13941.234375,865914
2023-06-30,14550,14585,14525,14540,14023.21582,1064824
2023-07-07,14470,14490,14410,14420,13907.477539,568045
2023-07-10,14350,14375,14320,14340,13830.321289,732999
2023-07-14,14350,14370,14255,14325,13815.856445,658322
2023-07-17,14325,14340,14265,14295,13786.919922,499141
2023-07-19,14420,14495,14415,14480,13965.34668,608814
2023-07-20,14480,14525,14440,14525,14008.746094,523006
2023-07-21,14505,14630,14500,14615,14095.547852,1144640
2023-07-24,14615,14655,14545,14560,14042.50293,886002
2023-07-26,14605,14680,14605,14615,14095.547852,777360
2023-07-28,14580,14585,14475,14530,14013.569336,1102094
2023-08-03,14660,14710,14630,14660,14138.947266,1121668
2023-08-04,14660,14810,14620,14810,14283.617188,589544
2023-08-07,14670,14670,14580,14660,14138.947266,708761
2023-08-08,14740,14825,14740,14810,14283.617188,608328
2023-08-09,14810,14870,14800,14815,14288.438477,2215891
2023-08-10,14745,14785,14725,14745,14220.928711,630387
2023-08-11,14745,14800,14735,14800,14273.972656,405408
2023-08-14,14855,14890,14805,14820,14293.262695,594370
2023-08-16,14855,14875,14830,14835,14307.728516,603132
2023-08-17,14805,14805,14735,14785,14259.505859,500041
2023-08-18,14650,14650,14565,14630,14110.014648,804312
2023-08-21,14635,14680,14630,14655,14134.125977,771306
2023-08-22,14720,14750,14695,14710,14187.171875,657177
2023-08-23,14710,14750,14690,14750,14225.75,676997
2023-08-24,14820,14840,14745,14765,14240.21582,1418572
2023-08-25,14555,14565,14480,14505,13989.456055,819643
2023-08-28,14595,14615,14545,14595,14076.259766,1463830
2023-08-29,14670,14690,14645,14680,14158.237305,1534437
2023-08-30,14835,14910,14825,14895,14365.594727,1156806
2023-08-31,14925,14980,14920,14955,14423.463867,688296
2023-09-01,14955,14960,14855,14870,14341.485352,647412
2023-09-04,14910,14935,14865,14930,14399.350586,562725
2023-09-05,14930,15015,14905,15015,14481.331055,503223
2023-09-06,15015,15050,14945,14965,14433.108398,589309
2023-09-07,14965,14965,14870,14890,14360.774414,1415502
2023-09-08,14890,14895,14840,14885,14355.952148,957164
2023-09-11,14900,14910,14865,14905,14375.240234,798953
2023-09-12,14890,14905,14855,14905,14375.240234,601697
2023-09-13,14835,14840,14805,14835,14307.728516,599847
2023-09-14,14850,14890,14845,14880,14351.129883,1290210
2023-09-15,15000,15015,14970,14985,14452.397461,756140
2023-09-18,14840,14845,14765,14790,14264.329102,1227495
2023-09-19,14790,14800,14725,14800,14273.972656,999297
2023-09-20,14800,14810,14750,14810,14283.617188,442057
2023-09-21,14705,14755,14685,14730,14206.460938,478050
2023-09-22,14550,14555,14500,14525,14008.746094,799487
2023-09-25,14505,14505,14415,14495,13979.8125,804940
2023-09-26,14535,14610,14500,14590,14071.4375,1372595
2023-09-27,14535,14535,14460,14495,13979.8125,950253
2023-10-04,14495,14495,14060,14365,13854.43457,848508
2023-10-05,14400,14475,14370,14410,13897.833984,555148
2023-10-06,14405,14405,14340,14380,13868.900391,497535
2023-10-10,14610,14690,14575,14660,14138.947266,1310070
2023-10-11,14725,14725,14610,14620,14100.370117,1590724
2023-10-12,14700,14775,14695,14735,14211.283203,466434
2023-10-13,14730,14730,14695,14720,14196.814453,423892
2023-10-16,14720,14730,14675,14715,14191.994141,1644333
2023-10-17,14780,14815,14765,14800,14273.972656,368027
2023-10-18,14800,14805,14745,14770,14245.039063,488332
2023-10-19,14655,14685,14635,14645,14124.480469,842082
2023-10-20,14620,14630,14430,14440,13926.767578,585295
2023-10-23,14350,14370,14330,14365,13854.43457,424154
2023-10-24,14270,14270,14215,14245,13738.699219,961325
2023-10-25,14300,14330,14290,14325,13815.856445,561695
2023-10-26,14160,14180,14130,14170,13666.364258,599656
2023-10-27,14115,14120,14055,14120,13618.139648,773935
2023-10-30,13995,13995,13930,13950,13501.995117,616497
2023-10-31,13995,14035,13970,14005,13555.229492,488952
2023-11-01,14145,14205,14125,14200,13743.96582,882901
2023-11-02,14305,14310,14225,14235,13777.841797,739752
2023-11-03,14350,14385,14200,14255,13797.199219,1601736
2023-11-06,14255,14285,14140,14155,13700.410156,997505
2023-11-07,14160,14255,14160,14235,13777.841797,1201069
2023-11-08,14255,14330,14205,14320,13860.111328,1235982
2023-11-09,14320,14360,14265,14340,13879.46875,932895
2023-11-10,14315,14320,14280,14315,13855.271484,1006813
2023-11-13,14480,14560,14480,14560,14092.405273,698229
2023-11-14,14560,14660,14545,14655,14184.353516,576682
2023-11-15,14695,14715,14615,14660,14189.192383,1747550
2023-11-16,14685,14730,14050,14590,14121.441406,806037
2023-11-17,14590,14635,14555,14625,14155.316406,1083929
2023-11-20,14620,14660,14495,14555,14087.56543,907373
2023-11-21,14660,14695,14610,14670,14198.87207,719405
2023-11-22,14670,14740,14645,14740,14266.624023,601085
2023-11-23,14805,14830,14770,14800,14324.697266,465502
2023-11-24,14815,14890,14795,14890,14411.807617,542840
2023-11-27,14850,14865,14805,14825,14348.892578,477984
2023-11-28,14800,14800,14695,14735,14261.783203,541050
2023-11-29,14675,14730,14650,14715,14242.426758,899418
2023-11-30,14710,14735,14655,14715,14242.426758,706226
2023-12-01,14815,14935,14815,14920,14440.841797,689715
2023-12-04,14895,14985,14870,14985,14503.754883,725945
2023-12-05,14970,15000,14935,14965,14484.397461,677808
2023-12-06,15015,15065,15010,15050,14566.668945,742307
2023-12-07,14995,15100,14985,15090,14605.383789,808992
2023-12-08,15085,15090,14975,14995,14513.435547,767274
2023-12-11,15165,15200,15150,15170,14682.81543,597175
2023-12-12,15200,15245,15200,15210,14721.532227,588976
2023-12-13,15240,15350,15240,15340,14847.353516,558359
2023-12-14,15350,15500,15270,15325,14832.836914,1032091
2023-12-15,15265,15330,15260,15330,14837.675781,732217
2023-12-18,15405,15410,15345,15375,14881.231445,881120
2023-12-19,15435,15530,15415,15505,15007.057617,767486
2023-12-20,15535,15555,15490,15515,15016.733398,826028
2023-12-21,15345,15410,15305,15410,14915.106445,781233
2023-12-22,15410,15450,15410,15440,14944.142578,1152797
2023-12-26,15460,15490,15405,15420,14924.786133,865125
2023-12-27,15485,15500,15450,15485,14987.698242,679017
2023-12-28,15485,15505,15430,15465,14968.34082,848173
2024-01-02,15465,15580,15450,15560,15060.290039,1755593
2024-01-03,15585,15585,15490,15505,15007.057617,1215265
2024-01-04,15460,15475,15420,15455,14958.662109,1557347
2024-01-05,15445,15480,15405,15445,14948.983398,822452
2024-01-08,15450,15485,15445,15475,14978.020508,877163
2024-01-09,15610,15680,15605,15680,15176.435547,1748882
2024-01-10,15685,15745,15685,15715,15210.3125,1522027
2024-01-11,15805,15825,15765,15765,15258.707031,1503556
2024-01-12,15730,15735,15680,15715,15210.3125,1328451
2024-01-15,15725,15845,15725,15835,15326.458008,1141861
2024-01-16,15810,15900,15785,15895,15384.53125,1006507
2024-01-17,15910,16045,15910,15985,15471.641602,1118094
2024-01-19,15995,16045,15975,16040,15524.874023,1243604
2024-01-22,16175,16260,16165,16260,15737.807617,1253901
2024-01-23,16270,16290,16195,16205,15684.576172,1515879
2024-01-24,16310,16365,16310,16335,15810.401367,1262932
2024-01-25,16285,16310,16250,16300,15776.524414,978482
2024-01-26,16350,16385,16305,16315,15791.042969,871310
2024-01-29,16325,16380,16325,16380,15853.954102,790571
2024-01-30,16390,16400,16335,16345,15887.977539,1037293
2024-01-31,16290,16350,16270,16340,15883.116211,1666737
2024-02-01,16180,16180,16125,16135,15683.849609,3770544
2024-02-02,16350,16350,16250,16285,15829.654297,1181015
2024-02-05,16535,16550,16430,16440,15980.322266,1237345
2024-02-06,16440,16445,16360,16385,15926.859375,1319435
2024-02-07,16390,16420,16360,16405,15946.297852,1030139
2024-02-08,16530,16570,16510,16555,16092.105469,1352505
2024-02-13,16610,16640,16605,16640,16174.727539,1483858
2024-02-14,16585,16585,16505,16520,16058.083008,1286962
2024-02-15,16635,16660,16605,16660,16194.167969,1063075
2024-02-16,16680,16745,16675,16745,16276.791016,853756
2024-02-19,16745,16785,16645,16705,16237.910156,1077073
2024-02-20,16705,16710,16655,16675,16208.75,976933
2024-02-21,16590,16590,16525,16565,16101.824219,1343612
2024-02-22,16655,16700,16645,16650,16184.449219,1124477
2024-02-23,16860,16920,16840,16915,16442.042969,1193996
2024-02-26,16915,16930,16865,16890,16417.738281,1259115
2024-02-27,16860,16860,16825,16830,16359.416992,1132157
2024-02-28,16855,16965,16855,16905,16432.314453,1064533
2024-02-29,16895,16910,16865,16865,16393.435547,1733341
2024-03-04,17040,17075,17015,17065,16587.84375,1618495
2024-03-05,17060,17085,17035,17065,16587.84375,1438271
2024-03-06,16950,16980,16930,16945,16471.199219,2081540
2024-03-07,16960,16970,16890,16955,16480.921875,1871687
2024-03-08,17040,17085,17005,17015,16539.242188,1667103
2024-03-11,16875,16880,16755,16760,16291.37207,2960532
2024-03-12,16795,16845,16785,16825,16354.554688,1267720
2024-03-13,16950,17010,16930,17000,16524.662109,1151452
2024-03-14,16995,17050,16960,17040,16563.539063,1011261
2024-03-15,17040,17110,17030,17100,16621.867188,1159651
2024-03-18,17055,17115,17040,17110,16631.585938,1276172
2024-03-19,17175,17230,17170,17220,16738.511719,1269139
2024-03-20,17285,17320,17280,17315,16830.855469,1201409
2024-03-21,17420,17425,17340,17350,16864.875,1958228
2024-03-22,17465,17570,17445,17555,17064.140625,1340070
2024-03-25,17560,17580,17450,17530,17039.841797,1954187
2024-03-26,17510,17520,17430,17500,17010.683594,1781264
2024-03-27,17500,17610,17485,17600,17107.884766,1602319
2024-03-28,17660,17735,17610,17655,17161.351563,1657716
2024-03-29,17695,17925,17680,17890,17389.777344,1542928
2024-04-01,17880,17885,17705,17790,17292.574219,3109920
2024-04-02,17780,17780,17670,17705,17209.949219,2681288
2024-04-03,17590,17590,17480,17510,17020.404297,1951471
2024-04-04,17570,17610,17540,17575,17083.585938,2664325
2024-04-05,17385,17435,17345,17430,16942.638672,2335031
2024-04-08,17600,17635,17565,17580,17088.447266,2009868
2024-04-09,17590,17635,17590,17630,17137.042969,1143974
2024-04-11,17575,17605,17540,17605,17112.746094,1195274
2024-04-12,17730,17870,17730,17870,17370.335938,1360821
2024-04-15,17755,17800,17700,17800,17302.292969,2179128
2024-04-16,17595,17690,17555,17605,17112.746094,3853756
2024-04-17,17605,17605,17425,17480,16991.242188,3120547
2024-04-18,17340,17350,17250,17300,16816.273438,1809286
2024-04-19,17260,17290,17105,17190,16709.351563,4983056
2024-04-22,17140,17195,17125,17195,16714.212891,1838020
2024-04-23,17265,17270,17210,17240,16757.951172,1925779
2024-04-24,17450,17450,17370,17415,16928.058594,1944799
2024-04-25,17345,17375,17295,17295,16811.412109,1035791
2024-04-26,17425,17535,17425,17500,17010.683594,1153051
2024-04-29,17530,17630,17495,17545,17108.193359,1618078
2024-04-30,17550,17600,17490,17590,17152.072266,1282893
2024-05-02,17305,17365,17270,17290,16859.541016,2179489
2024-05-03,17325,17345,17220,17240,16810.783203,2433205
2024-05-07,17490,17540,17475,17540,17103.316406,2038972
2024-05-08,17570,17655,17570,17625,17186.199219,1144847
2024-05-09,17630,17690,17625,17690,17249.582031,2126844
2024-05-10,17770,17805,17745,17795,17351.964844,1324453
2024-05-13,17805,17860,17790,17835,17390.972656,3630261
2024-05-14,17805,17815,17780,17810,17366.59375,1858960
2024-05-16,17940,17940,17815,17815,17371.466797,2223888
2024-05-17,17815,17940,17810,17910,17464.107422,2938153
2024-05-20,17925,17990,17925,17955,17507.982422,3381125
2024-05-21,18010,18095,18010,18045,17595.742188,2616698
2024-05-22,18100,18125,18050,18080,17629.873047,2118970
2024-05-23,18110,18165,18095,18130,17678.628906,2835376
2024-05-24,18000,18045,17985,18000,17551.865234,2124232
2024-05-27,18060,18070,18025,18040,17590.869141,2939052
2024-05-28,18030,18040,17955,17995,17546.986328,1630720
2024-05-29,18040,18070,17970,17985,17537.240234,1409030
2024-05-30,17970,18020,17965,18020,17571.367188,1416596
2024-05-31,17970,18065,17935,18065,17615.246094,1136690
2024-06-03,18215,18235,18135,18150,17698.126953,1815626
2024-06-04,18090,18145,18050,18115,17664.001953,1511492
2024-06-05,18135,18180,18075,18135,17683.501953,1216464
2024-06-07,18245,18300,18210,18255,17800.515625,1543673
2024-06-10,18355,18420,18335,18340,17883.400391,1688339
2024-06-11,18370,18445,18370,18445,17985.787109,1527053
2024-06-12,18510,18515,18455,18485,18024.785156,1688731
2024-06-13,18560,18640,18520,18625,18161.304688,1980997
2024-06-14,18655,18715,18650,18710,18244.1875,2193986
2024-06-17,18720,18745,18665,18710,18244.1875,2094678
2024-06-18,18845,18880,18835,18870,18400.205078,2263652
2024-06-19,18900,18935,18870,18930,18458.710938,1921688
2024-06-20,18950,19025,18940,19025,18551.34375,2552568
2024-06-21,19025,19050,18955,18985,18512.341797,2404626
2024-06-24,18985,18995,18920,18955,18483.087891,1764818
2024-06-25,18885,18885,18820,18880,18409.955078,1643559
2024-06-26,18980,19000,18960,18990,18517.216797,1718078
2024-06-27,19000,19005,18900,18925,18453.832031,1418758
2024-06-28,18995,19025,18880,18890,18419.705078,2082545
2024-07-01,18890,18895,18810,18855,18385.578125,3738988
2024-07-02,18915,18955,18875,18935,18463.585938,1902064
2024-07-03,19025,19115,19020,19115,18639.105469,4771477
2024-07-04,19155,19155,19065,19075,18600.099609,2145630
2024-07-05,19065,19100,19025,19100,18624.476563,3723609
2024-07-08,19115,19195,19100,19195,18717.111328,3577108
2024-07-09,19260,19300,19245,19255,18775.621094,4069942
2024-07-10,19295,19330,19265,19280,18799.996094,3694800
2024-07-11,19435,19440,19365,19395,18912.130859,5301935
2024-07-12,19150,19255,19105,19255,18775.621094,4622279
2024-07-15,19325,19435,19320,19425,18941.384766,2776027
2024-07-16,19525,19535,19495,19505,19019.396484,3019900
2024-07-17,19550,19575,19465,19470,18985.267578,3798380
2024-07-18,19290,19345,19255,19345,18863.378906,4064667
2024-07-19,19235,19265,19205,19255,18775.621094,3418211
2024-07-22,19155,19160,19080,19125,18648.857422,4505636
2024-07-23,19270,19270,19170,19210,18731.738281,6224213
2024-07-24,19170,19185,19065,19080,18604.976563,6303731
2024-07-25,18780,18850,18730,18790,18322.197266,4728491
2024-07-26,18700,18795,18680,18765,18297.816406,2612304
2024-07-29,18955,18965,18900,18945,18473.335938,2879106
2024-07-30,18775,18850,18760,18850,18442.029297,2714953
2024-07-31,18760,18795,18695,18765,18358.869141,4991592
2024-08-01,18935,18950,18815,18875,18466.488281,6506305
2024-08-02,18525,18590,18390,18410,18011.550781,6702204
2024-08-05,17885,17960,17560,17670,17287.570313,12166060
2024-08-06,17825,18035,17820,18010,17620.208984,7925376
2024-08-07,17880,18155,17865,18065,17674.019531,3783916
2024-08-08,17750,17865,17730,17855,17468.564453,5076254
2024-08-09,18220,18255,17990,18070,17678.910156,5836368
2024-08-12,18180,18280,18135,18270,17874.580078,2816142
2024-08-13,18270,18275,18225,18275,17879.476563,3207616
2024-08-14,18470,18470,18380,18430,18031.117188,1788076
2024-08-16,18810,18875,18770,18790,18383.328125,3581081
2024-08-19,18740,18740,18375,18425,18026.228516,5455808
2024-08-20,18570,18675,18500,18630,18226.791016,3609437
2024-08-21,18555,18670,18510,18655,18251.248047,7164229
2024-08-22,18685,18740,18665,18685,18280.603516,6288079
2024-08-23,18660,18685,18615,18655,18251.248047,17044280
2024-08-26,18610,18645,18530,18635,18231.681641,4241148
2024-08-28,18625,18775,18600,18770,18363.761719,12356210
2024-08-29,18535,18565,18500,18525,18124.064453,10859330
2024-08-30,18600,18665,18580,18665,18261.033203,11231510
2024-09-02,18770,18865,18770,18810,18402.896484,2265233
2024-09-03,18815,18880,18805,18850,18442.029297,9713837
2024-09-04,18470,18490,18365,18415,18016.443359,12979290
2024-09-05,18360,18420,18335,18345,17947.960938,8584620
2024-09-06,18315,18315,18155,18165,17771.855469,9047663
2024-09-09,18015,18155,18010,18140,17747.394531,5611936
2024-09-10,18345,18365,18280,18305,17908.826172,6348060
2024-09-11,18395,18405,18215,18290,17894.150391,3823842
2024-09-12,18530,18590,18525,18575,18172.980469,4252728
2024-09-13,18645,18665,18515,18550,18148.523438,6761084
2024-09-19,18650,18870,18650,18820,18412.677734,5926237
2024-09-20,18905,18945,18900,18925,18515.404297,9529085
2024-09-23,18945,19075,18945,19045,18632.808594,6298334
2024-09-24,19040,19060,18975,19040,18627.917969,7899217
2024-09-25,18965,19000,18930,18985,18574.107422,7961292
2024-09-26,19070,19110,19010,19070,18657.267578,6545020
2024-09-27,18905,18965,18840,18885,18476.271484,12262670
2024-09-30,18790,18795,18645,18690,18285.494141,9607845
2024-10-02,18780,18825,18720,18730,18324.626953,6786566
2024-10-04,18905,19000,18905,18970,18559.431641,3558101
2024-10-07,19285,19330,19255,19285,18867.615234,8705979
2024-10-08,19170,19195,19120,19175,18759.998047,9552237
2024-10-10,19450,19510,19445,19490,19068.181641,3882614
2024-10-11,19490,19500,19420,19460,19038.826172,5490017
2024-10-14,19565,19690,19565,19660,19234.498047,5841883
2024-10-15,19840,19960,19835,19925,19493.759766,3573803
2024-10-16,19810,19845,19765,19785,19356.792969,5666764
2024-10-17,19850,19955,19850,19955,19523.113281,2972850
2024-10-18,20015,20025,19960,19980,19547.574219,6681544
2024-10-21,20020,20110,20015,20105,19669.865234,6375034
2024-10-22,20145,20185,20095,20110,19674.757813,7512542
2024-10-23,20145,20205,20130,20165,19728.570313,6492911
2024-10-24,20025,20045,19980,20025,19591.599609,10255020
2024-10-25,20010,20165,20000,20155,19718.785156,10968900
2024-10-28,20215,20275,20170,20175,19738.351563,3934696
2024-10-29,20175,20220,20080,20175,19738.351563,1691933
2024-10-31,19940,19940,19845,19870,19502.787109,5177675
2024-11-01,19560,19645,19520,19620,19257.40625,4026791
2024-11-04,19610,19610,19500,19590,19227.962891,9306260
2024-11-06,19785,20410,19775,20370,19993.546875,8413564
2024-11-07,20670,20705,20585,20635,20253.648438,22068080
2024-11-08,20610,20630,20545,20615,20234.017578,7136567
2024-11-11,20820,20885,20805,20850,20464.675781,8309009
2024-11-12,20870,20960,20870,20945,20557.921875,5355738
2024-11-13,20960,20985,20880,20885,20499.03125,8527619
2024-11-14,20935,20980,20870,20905,20518.660156,4870811
2024-11-15,20810,20840,20590,20590,20209.484375,4238873
2024-11-18,20425,20430,20320,20430,20052.4375,3721097
2024-11-19,20430,20455,20395,20425,20047.529297,2706615
2024-11-20,20500,20565,20470,20520,20140.777344,2585078
2024-11-21,20585,20625,20495,20550,20170.222656,2437219
2024-11-22,20730,20760,20685,20750,20366.525391,3379657
2024-11-25,20850,20900,20820,20900,20513.751953,4731042
2024-11-26,20885,20905,20780,20845,20459.771484,6133575
2024-11-27,20895,20965,20885,20935,20548.103516,3985880
2024-11-28,20815,20880,20800,20865,20479.400391,2622603
2024-11-29,20870,20930,20835,20880,20494.123047,3810825
2024-12-02,20940,21055,20940,21010,20621.720703,5108410
2024-12-03,21135,21145,21080,21125,20734.595703,4757371
2024-12-04,21300,21345,21195,21260,20867.099609,4301133
2024-12-05,21370,21445,21370,21430,21033.958984,3139271
2024-12-06,21410,21595,21375,21455,21058.494141,3864133
2024-12-09,21635,21805,21615,21780,21377.490234,4334760
2024-12-10,21585,21585,21480,21500,21102.666016,4915296
2024-12-11,21600,21605,21490,21550,21151.738281,2958743
2024-12-12,21645,21710,21610,21675,21274.429688,3901925
2024-12-13,21670,21670,21575,21625,21225.355469,4230624
2024-12-16,21595,21690,21515,21630,21230.259766,3877726
2024-12-17,21700,21735,21670,21720,21318.595703,2934422
2024-12-18,21680,21680,21635,21660,21259.708984,2801292
2024-12-19,21235,21240,21185,21235,20842.564453,5344016
2024-12-20,21175,21205,21065,21155,20764.041016,4861706
2024-12-23,21420,21565,21420,21565,21166.460938,4120414
2024-12-24,21590,21670,21580,21665,21264.615234,3032899
2024-12-26,21925,22055,21910,22055,21647.408203,3773676
2024-12-27,22055,22330,22015,22015,21608.146484,4352551
2024-12-30,21925,21925,21765,21905,21500.179688,3780987
2025-01-02,21645,21645,21560,21610,21210.630859,7109808
2025-01-03,21510,21515,21450,21515,21117.388672,4866859
2025-01-06,21750,21830,21710,21765,21362.767578,3482869
2025-01-07,21795,21820,21565,21610,21210.630859,6728337
2025-01-08,21475,21490,21375,21480,21083.03125,4400738
2025-01-09,21470,21520,21400,21500,21102.666016,3784200
2025-01-10,21450,21535,21360,21530,21132.109375,3422167
2025-01-13,21385,21400,21230,21275,20881.820313,6419453
2025-01-14,21360,21380,21275,21360,20965.251953,5504433
2025-01-15,21310,21310,21240,21275,20881.820313,3396414
2025-01-16,21610,21625,21505,21615,21215.537109,4615763
2025-01-17,21575,21600,21495,21600,21200.814453,3938670
2025-01-20,21780,21800,21630,21700,21298.966797,3397968
2025-01-21,21650,21695,21415,21555,21156.646484,9576863
2025-01-22,21665,21735,21595,21715,21313.691406,3846479
2025-01-23,21760,21805,21750,21780,21377.490234,3135945
2025-01-24,21785,21855,21735,21765,21406.998047,4796680
2025-01-31,21780,22045,21780,22010,21647.962891,5794531
2025-02-03,21765,21770,21570,21605,21249.630859,6612219
2025-02-04,21820,21865,21720,21765,21406.998047,6945438
2025-02-05,21765,21795,21595,21600,21244.708984,5146711
2025-02-06,21785,21890,21780,21870,21510.267578,5015304
2025-02-07,21875,21915,21840,21865,21505.349609,5338696
2025-02-10,21865,21900,21800,21805,21446.337891,7362058
2025-02-11,21870,21900,21855,21860,21500.433594,5955675
2025-02-12,21925,21960,21885,21915,21554.529297,7966983
2025-02-13,21905,21940,21825,21835,21475.84375,7510968
2025-02-14,21920,22005,21915,21975,21613.541016,4743873
2025-02-17,21945,21980,21905,21975,21613.541016,4223756
2025-02-18,21970,22025,21945,21995,21633.212891,4300756
2025-02-19,21995,22015,21945,21955,21593.871094,6298188
2025-02-20,22000,22015,21905,21910,21549.613281,8645693
2025-02-21,21850,21860,21780,21815,21456.171875,5554041
2025-02-24,21585,21585,21400,21475,21121.765625,7005120
2025-02-25,21360,21365,21295,21330,20979.152344,7572238
2025-02-26,21265,21320,21225,21315,20964.398438,7354274
2025-02-27,21310,21480,21250,21475,21121.765625,9845456
2025-02-28,21235,21360,21190,21360,21008.658203,9094863
2025-03-04,21325,21335,21205,21335,20984.070313,18806340
2025-03-05,21100,21135,21015,21035,20689.003906,15509020
2025-03-06,21005,21005,20885,20960,20615.238281,9764687
2025-03-07,20750,20765,20675,20685,20344.759766,11207990
2025-03-10,20630,20830,20600,20755,20413.609375,19711540
2025-03-11,20325,20430,20135,20420,20084.119141,13635480
2025-03-12,20225,20250,20150,20165,19833.314453,8396160
2025-03-13,20250,20300,20130,20155,19823.476563,18948070
2025-03-14,20120,20175,20030,20100,19769.382813,8842095
2025-03-17,20250,20275,20180,20190,19857.904297,15023530
2025-03-18,20390,20470,20350,20470,20133.296875,16231010
2025-03-19,20305,20365,20285,20340,20005.433594,14048520
2025-03-20,20650,20760,20640,20715,20374.267578,14838020
2025-03-21,20670,20745,20600,20610,20270.992188,14234430
2025-03-24,20760,20880,20760,20870,20526.716797,27176000
2025-03-25,21080,21115,21065,21065,20718.509766,12084190
2025-03-26,21105,21140,21055,21060,20713.59375,8920026
2025-03-27,20870,20900,20825,20885,20541.46875,14024210
2025-03-28,20785,20825,20755,20820,20477.541016,7251173
2025-03-31,20355,20355,20270,20315,19980.845703,5062542
2025-04-01,20510,20550,20445,20520,20182.472656,5110539
2025-04-02,20665,20675,20520,20560,20221.818359,7190083
2025-04-03,20080,20200,20050,20115,19784.134766,8351209
2025-04-04,19515,19525,19127,19220,18903.859375,11565120
2025-04-07,17795,18155,17700,17795,17502.296875,15101950
2025-04-08,18700,18880,18660,18815,18505.517578,8928240
2025-04-09,18230,18330,17930,18135,17836.703125,7828412
2025-04-10,19915,19945,19655,19715,19390.716797,8506527
2025-04-11,19005,19315,18700,19275,18957.953125,9904774
2025-04-14,19265,19315,19160,19235,18918.613281,5855704
2025-04-15,19150,19220,19085,19195,18879.267578,4736653
2025-04-16,19075,19110,18845,18940,18628.464844,6166402
2025-04-17,18625,18850,18620,18835,18525.191406,4636839
2025-04-18,18800,18840,18715,18840,18530.107422,1576405
2025-04-21,18650,18670,18480,18550,18244.876953,4882581
2025-04-22,18355,18455,18300,18375,18072.757813,6003680
2025-04-23,19150,19180,19020,19040,18726.822266,4848097
2025-04-24,19140,19200,19095,19200,18884.185547,3925489
2025-04-25,19615,19770,19615,19725,19400.550781,3821560
2025-04-28,19745,19780,19670,19780,19454.646484,2837671
2025-04-29,19735,19825,19710,19735,19489.210938,4646247
2025-04-30,19735,19740,19530,19565,19321.326172,4608021
2025-05-02,19890,20130,19665,19665,19420.082031,3824817
2025-05-07,19625,19635,19355,19540,19296.638672,5311977
2025-05-08,19540,19715,19495,19650,19405.269531,3273790
2025-05-09,19720,19905,19652,19700,19454.644531,4259474
2025-05-12,19845,20035,19800,20015,19765.724609,2821321
2025-05-13,20495,20565,20380,20490,20234.806641,4922457
2025-05-14,20725,20770,20580,20765,20506.382813,3802566
2025-05-15,20625,20625,20320,20360,20106.427734,3371988
2025-05-16,20500,20550,20385,20410,20155.804688,3312309
2025-05-19,20510,20580,20445,20465,20210.121094,2935778
2025-05-20,20615,20680,20510,20545,20289.121094,1849647
2025-05-21,20535,20535,20360,20370,20116.302734,2789943
2025-05-22,20035,20075,19945,20055,19805.226563,2457695
2025-05-23,20065,20100,19890,19920,19671.908203,2818568
2025-05-26,19920,19950,19795,19900,19652.158203,3034533
2025-05-27,19930,19975,19865,19975,19726.222656,1513579
2025-05-28,20215,20270,20140,20240,19987.923828,1827330
2025-05-29,20465,20585,20440,20455,20200.242188,2685870
2025-05-30,20085,20275,20040,20235,19982.982422,2787053
2025-06-02,20235,20235,20020,20045,19795.349609,2776611
2025-06-04,20385,20435,20315,20315,20061.986328,2298819
2025-06-05,20225,20240,20105,20145,19894.105469,3830210
2025-06-09,20235,20315,20155,20185,19933.605469,3619170
2025-06-10,20200,20400,20195,20375,20121.240234,4323538
2025-06-11,20455,20570,20410,20570,20313.810547,4078566
2025-06-12,20495,20495,20210,20285,20032.361328,5387953
2025-06-13,20225,20310,20105,20260,20007.673828,3641324
2025-06-16,20305,20360,20230,20315,20061.986328,3321762
2025-06-17,20315,20380,20280,20365,20111.363281,4007351
2025-06-18,20460,20505,20385,20425,20170.617188,3050848
2025-06-19,20430,20535,20385,20450,20195.306641,3427712
2025-06-20,20400,20410,20275,20290,20037.298828,4204782
2025-06-23,20315,20485,20300,20485,20229.871094,3717999
2025-06-24,20580,20615,20520,20580,20323.685547,5353012
2025-06-25,20580,20680,20540,20655,20397.751953,3921704
2025-06-26,20585,20625,20530,20600,20343.4375,4568793
2025-06-27,20730,20780,20685,20775,20516.257813,3723777
2025-06-30,20935,20940,20755,20825,20565.634766,5144796
2025-07-01,20835,20915,20805,20885,20624.886719,6182868
2025-07-02,20885,21030,20880,21005,20743.392578,2884562
2025-07-03,20990,21115,20975,21075,20812.521484,3470366
2025-07-04,21235,21320,21140,21190,20926.089844,2784877
2025-07-07,21195,21300,21185,21255,20990.279297,5183591
2025-07-08,21245,21245,21150,21215,20950.777344,3795623
2025-07-09,21230,21285,21220,21265,21000.15625,3628861
2025-07-10,21370,21390,21295,21295,21029.779297,3619312
2025-07-11,21445,21445,21345,21430,21163.099609,4627005
2025-07-14,21365,21380,21310,21375,21108.785156,3739290
2025-07-15,21510,21620,21500,21585,21316.171875,4871933
2025-07-16,21475,21545,21450,21475,21207.539063,3775288
2025-07-17,21565,21715,21560,21715,21444.550781,4092122
2025-07-18,21820,21905,21795,21880,21607.496094,4531089
2025-07-21,21835,21845,21790,21800,21528.490234,4593643
2025-07-22,21730,21785,21700,21760,21488.990234,4412014
2025-07-23,21740,21745,21640,21715,21444.550781,8726323
2025-07-24,21765,21785,21610,21655,21385.296875,13441650
2025-07-25,21760,21890,21750,21865,21592.681641,9331140
2025-07-28,22010,22065,21980,22065,21790.191406,5418736
2025-07-29,22105,22165,22095,22140,21864.257813,4270056
2025-07-30,21985,21985,21815,21900,21684.052734,5852798
2025-07-31,22115,22260,22055,22120,21901.884766,11966570
2025-08-01,21925,22025,21875,21970,21753.361328,7967182
2025-08-04,21525,21540,21460,21510,21297.896484,10119590
2025-08-05,21760,21875,21725,21850,21634.546875,9333544
2025-08-06,21660,21830,21650,21805,21589.990234,8606133
2025-08-07,21845,21910,21775,21810,21594.939453,9282466
2025-08-08,21785,21915,21760,21885,21669.199219,6405788
2025-08-11,22010,22075,22005,22040,21822.671875,7184791
2025-08-12,22015,22050,21960,22020,21802.869141,15276150
2025-08-13,22135,22175,22090,22090,21872.177734,7987257
2025-08-14,22125,22215,22105,22145,21926.636719,12867820
2025-08-18,22285,22295,22160,22160,21941.488281,4586333
2025-08-19,22225,22245,22185,22220,22000.898438,5849446
2025-08-20,22170,22235,22145,22195,21976.142578,7574695
2025-08-21,22180,22220,22150,22205,21986.046875,6709397
2025-08-22,22180,22190,21995,22010,21792.966797,8380467
2025-08-25,22245,22295,22215,22225,22005.847656,5130011
2025-08-26,22245,22315,22120,22290,22070.207031,9265349
2025-08-27,22385,22445,22385,22420,22198.925781,3949846
2025-08-28,22365,22365,22290,22315,22094.958984,5877311
2025-08-29,22330,22435,22325,22430,22208.826172,3276660
2025-09-01,22365,22410,22300,22305,22085.058594,5304283
2025-09-02,22335,22385,22280,22280,22060.302734,5058381
2025-09-03,22265,22285,22195,22215,21995.945313,5357534
2025-09-04,22255,22370,22245,22325,22104.861328,4949702
2025-09-05,22500,22540,22465,22525,22302.890625,4560222
2025-09-08,22400,22470,22370,22420,22198.925781,5980121
2025-09-09,22405,22460,22365,22435,22213.777344,6341285
2025-09-10,22500,22537,22475,22490,22268.234375,6929898
2025-09-11,22565,22615,22535,22610,22387.050781,8251747
2025-09-12,22755,22760,22700,22720,22495.966797,6434911
2025-09-15,22765,22780,22705,22755,22530.623047,3500411
2025-09-16,22795,22795,22690,22690,22466.261719,4636286
2025-09-17,22660,22700,22630,22655,22431.605469,5452621
2025-09-18,22715,22870,22715,22850,22624.683594,4310797
2025-09-19,22940,23030,22930,22970,22743.5,5331091
2025-09-22,23130,23140,23010,23015,22788.054688,6030042
2025-09-23,23125,23210,23125,23175,22946.480469,6035337
2025-09-24,23080,23160,23050,23160,22931.628906,2463300
2025-09-25,23165,23175,23110,23115,22887.072266,3797027
2025-09-26,23115,23240,23115,23215,22986.085938,4375844
2025-09-29,23275,23280,23170,23175,22946.480469,4573265
2025-09-30,23175,23260,23152,23235,23005.888672,4388100
2025-10-01,23275,23355,23200,23200,22971.234375,4001595
2025-10-02,23390,23450,23375,23380,23149.457031,5997183
2025-10-10,23740,23870,23740,23830,23595.021484,6998150
2025-10-13,23525,23640,23465,23530,23297.978516,9567017
2025-10-14,23595,23715,23480,23530,23297.978516,8378759
2025-10-15,23620,23640,23525,23575,23342.537109,6556973
2025-10-16,23595,23610,23515,23565,23332.632813,6616931
2025-10-17,23305,23360,23255,23275,23045.494141,6725747
2025-10-20,23545,23625,23535,23600,23367.289063,3405338
2025-10-21,23825,23905,23785,23895,23659.380859,6023558
2025-10-22,23955,24010,23905,23990,23753.443359,3640077
2025-10-23,23845,24045,23795,24010,23773.246094,3958165
2025-10-24,24095,24170,24050,24150,23911.865234,4467629
2025-10-27,24400,24420,24310,24400,24159.402344,7008098
2025-10-28,24510,24625,24495,24585,24342.576172,5722549
2025-10-29,24585,24650,24560,24630,24387.132813,4975259
2025-10-30,24375,24420,24285,24370,24188.619141,9549736
2025-10-31,24360,24375,24260,24280,24099.291016,8800353
2025-11-03,24305,24385,24245,24270,24089.367188,7274332
2025-11-04,24285,24405,24230,24230,24049.662109,3943607
2025-11-05,24215,24330,24135,24330,24148.917969,7476231
2025-11-06,24345,24410,24295,24395,24213.435547,4378565
2025-11-07,24205,24365,24180,24355,24173.730469,5643092
2025-11-10,24420,24500,24350,24410,24228.324219,5130284
2025-11-11,24710,24875,24690,24795,24610.457031,4274195
2025-11-12,24825,25005,24805,24975,24789.117188,3444149
2025-11-13,24965,25110,24935,25030,24843.708984,5054434
2025-11-14,24890,24890,24260,24360,24178.695313,7760146
2025-11-17,24360,24510,24305,24480,24297.800781,4194928
2025-11-18,24380,24380,24095,24140,23960.332031,4808217
2025-11-19,24025,24140,23970,24050,23871.001953,4458327
2025-11-20,24465,24565,24425,24505,24322.615234,5091506
2025-11-21,23950,24030,23905,24000,23821.373047,5102630
2025-11-24,24235,24340,24155,24325,24143.955078,3134116
2025-11-25,24555,24575,24465,24490,24307.726563,3155845
2025-11-26,24590,24715,24495,24695,24511.203125,5011272
2025-11-27,24835,24870,24735,24795,24610.457031,2460139
2025-11-28,24795,24960,24750,24960,24774.230469,2460282
2025-12-01,24960,24965,24795,24850,24665.046875,4771479
2025-12-02,24870,24935,24810,24815,24630.308594,4211149
2025-12-03,24900,25000,24875,24950,24764.304688,4301395
2025-12-04,24955,25090,24930,25080,24893.335938,3045528
2025-12-05,25085,25145,25060,25080,24893.335938,3728136
2025-12-08,25120,25135,25045,25080,24893.335938,6003532
2025-12-09,25040,25065,25010,25050,24863.560547,8226395
2025-12-10,24990,25025,24935,25010,24823.855469,5425636
2025-12-11,25030,25045,24910,24990,24804.005859,5235025
2025-12-12,25220,25280,25190,25280,25091.849609,4834289
2025-12-15,25270,25270,25005,25015,24828.820313,5380572
2025-12-16,24970,25000,24765,24880,24694.824219,6119681
2025-12-17,24875,25015,24835,25015,24828.820313,5485874
2025-12-18,24700,24765,24645,24735,24550.904297,4912528
2025-12-19,24860,24925,24800,24865,24679.935547,4217076
2025-12-22,25125,25215,25110,25185,24997.552734,4900344
2025-12-23,25270,25370,25270,25340,25151.402344,4192816
2025-12-24,25390,25425,24890,24905,24719.638672,8119221
2025-12-26,24955,25080,24635,24840,24655.123047,8168154
2025-12-29,24840,24847,24655,24655,24471.498047,6295114
2025-12-30,24610,24750,24520,24750,24565.792969,4667732
2026-01-02,24600,24695,24545,24685,24501.275391,9698565
2026-01-05,24670,24750,24660,24660,24476.462891,8548444
2026-01-06,24785,24870,24780,24840,24655.123047,7252625
2026-01-07,24995,25035,24960,24960,24774.230469,8175407
2026-01-08,24950,24960,24840,24855,24670.011719,11086320
2026-01-09,24990,25100,24980,25080,24893.335938,7275676
2026-01-12,25230,25295,25115,25275,25086.884766,7274867
2026-01-13,25415,25535,25415,25525,25335.025391,9089959
2026-01-14,25530,25590,25490,25500,25310.210938,12212620
2026-01-15,25210,25365,25185,25355,25166.289063,15368340
2026-01-16,25385,25525,25385,25505,25315.173828,12065200
2026-01-19,25505,25510,25195,25300,25111.699219,7622293
2026-01-20,25200,25275,25155,25185,24997.552734,20098920
2026-01-21,25050,25060,24875,24940,24754.376953,24223020
2026-01-22,25140,25225,25085,25135,24947.925781,14581740
2026-01-23,25150,25280,25140,25245,25057.109375,17232820
2026-01-26,24880,24885,24685,24750,24565.792969,13921400
2026-01-27,25030,25095,25000,25020,24833.783203,6970577
2026-01-28,24870,24915,24690,24770,24585.644531,10204590
2026-01-29,24700,24720,24535,24710,24590.621094,10364410
2026-01-30,24695,24770,24650,24675,24555.789063,9668717
2026-02-02,24850,25000,24745,24850,24729.945313,9824466
2026-02-03,25140,25165,25060,25080,24958.832031,11780010
2026-02-04,24875,24930,24850,24905,24784.677734,8717526
2026-02-05,24960,25060,24915,25050,24928.978516,9531299
2026-02-06,24655,24760,24580,24750,24630.425781,14713050
2026-02-09,25240,25265,25110,25110,24988.6875,7937817
2026-02-10,25165,25200,25055,25175,25053.373047,8364041
2026-02-11,25155,25155,25015,25015,24894.146484,6462102
2026-02-12,24930,24972,24850,24900,24779.701172,5764418
2026-02-13,24475,24600,24410,24435,24316.947266,14354470
2026-02-19,24735,24810,24720,24720,24600.572266,11479380
2026-02-20,24715,24730,24675,24700,24580.667969,9704072
2026-02-23,24660,24660,24500,24510,24391.587891,7853810
2026-02-24,24510,24615,24505,24515,24396.560547,6594963
2026-02-25,24625,24670,24420,24435,24316.947266,10906280
2026-02-26,24530,24610,24410,24525,24406.513672,12659780
2026-02-27,24450,24575,24420,24565,24446.320313,13416520
2026-03-03,24825,24920,24765,24790,24670.232422,13504360
2026-03-04,24870,25005,24785,24815,24695.113281,14669660
2026-03-05,24980,25010,24820,24935,24814.533203,8140578
2026-03-06,25065,25115,24940,25040,24919.025391,9349479
2026-03-09,24590,24625,24420,24625,24506.03125,7735512
2026-03-10,24695,24845,24645,24750,24630.425781,9029937
2026-03-11,24815,24900,24685,24730,24610.523438,8774042
2026-03-12,24715,24760,24615,24695,24575.693359,6909432
2026-03-13,24690,24780,24625,24760,24640.376953,4898101
2026-03-16,24760,24800,24660,24785,24665.257813,7270062
2026-03-17,24785,24800,24695,24715,24595.595703,21164610
2026-03-18,24780,24900,24760,24865,24744.871094,12219140
2026-03-19,24695,24715,24600,24655,24535.884766,15323450
2026-03-20,24510,24645,24440,24620,24501.054688,13254750
2026-03-23,24365,24365,24205,24355,24237.335938,15007250
2026-03-24,24415,24450,24285,24360,24242.310547,11709510
2026-03-25,24450,24595,24430,24535,24416.464844,8126829
2026-03-26,24550,24665,24542,24580,24461.248047,8886910
2026-03-27,24425,24425,24255,24420,24302.019531,6418917
2026-03-30,23865,24012,23715,24010,23894.001953,10627160
2026-03-31,23895,24415,23865,24345,24227.382813,11585150
2026-04-01,24515,24575,24440,24545,24426.416016,12105250
2026-04-02,24670,24705,24465,24475,24356.755859,9569844
2026-04-03,24700,24705,24555,24570,24451.296875,12683640
2026-04-06,24565,24655,24555,24605,24486.126953,12303570
2026-04-07,24735,24745,24575,24610,24491.103516,12621090
2026-04-08,24865,24900,24750,24825,24705.064453,14882900
2026-04-09,24935,24960,24850,24930,24809.556641,14156600
2026-04-10,24975,25145,24965,25105,24983.710938,12494610
2026-04-13,25065,25110,24980,25065,24943.90625,15832810
2026-04-14,25260,25420,25260,25330,25207.623047,10878300
2026-04-15,25480,25535,25475,25515,25391.730469,19351140
2026-04-16,25715,25795,25630,25780,25655.449219,17108020
2026-04-17,25925,25960,25860,25940,25814.677734,11539110
2026-04-20,25970,25995,25875,25995,25869.410156,14160090
2026-04-21,26030,26065,25985,26010,25884.337891,12098200
2026-04-22,26085,26120,26010,26045,25919.169922,9816759
2026-04-23,26160,26185,26045,26150,26023.662109,20088950
2026-04-24,26220,26260,26165,26230,26103.275391,7912149
2026-04-27,26230,26290,26200,26260,26133.130859,7164573
2026-04-28,26315,26380,26255,26260,26133.130859,6244604
2026-04-29,26195,26230,26095,26215,26150.089844,7128262
2026-04-30,26380,26415,26115,26160,26095.224609,13988320
2026-05-04,26395,26460,26330,26340,26274.779297,18650510
2026-05-06,26450,26455,26200,26285,26219.916016,29752380
2026-05-07,26400,26550,26375,26550,26484.259766,28966500
2026-05-08,26550,26820,26525,26820,26753.591797,14157660
2026-05-11,26820,27045,26800,26980,26913.195313,11217430
2026-05-12,27080,27280,27080,27280,27212.451172,11066040
2026-05-13,27335,27525,27335,27410,27342.130859,15717010
2026-05-14,27545,27630,27520,27595,27526.671875,16858890
2026-05-15,27760,27880,27735,27765,27696.251953,19461730
2026-05-18,27580,27580,27360,27360,27292.253906,14723460
2026-05-19,27420,27625,27420,27605,27536.646484,17249300
2026-05-20,27540,27590,27440,27520,27451.857422,19183200
2026-05-21,27525,27770,27505,27745,27676.300781,16447190
2026-05-22,27785,28130,27780,28100,28030.421875,15785410
2026-05-26,28270,28300,28080,28085,28015.458984,17950630
2026-05-27,28115,28140,27960,28020,27950.619141,14817230
2026-05-28,28030,28165,27990,28000,27930.669922,15249080
2026-05-29,28005,28300,28005,28300,28229.925781,9383316
2026-06-01,28400,28615,28315,28365,28294.765625,11282830
2026-06-02,28420,28550,28330,28520,28449.380859,12321280
2026-06-04,28550,28605,28440,28600,28529.183594,9654793
2026-06-05,28770,29000,28720,28845,28773.576172,8749716
2026-06-08,28490,28570,28130,28170,28100.248047,19332689
2026-06-09,28170,28170,27830,27870,27800.990234,28416970
2026-06-10,27895,27925,27700,27875,27805.978516,38200510
2026-06-11,27425,27695,27355,27695,27626.423828,44033460
2026-06-12,27905,28000,27860,27880,27810.966797,29333510
2026-06-15,28070,28240,28000,28220,28150.125,45657980
2026-06-16,28380,28450,28310,28355,28284.791016,40020740
2026-06-17,28245,28335,28180,28265,28195.013672,45425330
2026-06-18,28265,28335,28180,28330,28259.851563,49309700
2026-06-19,28575,28610,28330,28355,28284.791016,28754240
2026-06-22,28335,28570,28310,28570,28499.257813,36538298
2026-06-23,28550,28580,28190,28245,28175.0625,25587850
2026-06-24,28135,28295,28085,28245,28175.0625,20636092
2026-06-25,28355,28470,28305,28395,28324.691406,23300097
2026-06-26,28280,28335,27830,27890,27820.941406,27531314
2026-06-29,28145,28345,28080,28325,28254.865234,24992010
2026-06-30,28455,28645,28455,28640,28569.083984,17740714
2026-07-01,28830,29000,28770,28865,28793.527344,26891162
2026-07-02,28845,28970,28800,28875,28803.501953,59928158
2026-07-03,28860,28875,28605,28605,28534.171875,12496741
2026-07-06,28630,28725,28475,28555,28484.294922,45023881
2026-07-07,28605,28665,28395,28525,28454.369141,45133079
2026-07-08,28305,28310,27920,27920,27850.867188,74341595
2026-07-09,27920,28100,27830,28075,28005.484375,37453986
2026-07-10,28175,28310,28050,28085,28015.458984,113849951
2026-07-13,28100,28265,28080,28235,28165.087891,45880667
2026-07-14,27935,27960,27665,27910,27840.892578,51603465
2026-07-15,27935,28055,27885,27925,27855.855469,61254220
2026-07-16,27935,27995,27860,27860,27791.015625,103621257
2026-07-20,27630,27665,27360,27365,27297.242188,41019513
2026-07-21,27285,27417,27270,27370,27302.228516,64018960
2026-07-22,27605,27635,27525,27525,27456.845703,34576637
2026-07-23,27480,27510,27245,27280,27212.451172,44120683
2026-07-24,27170,27195,26895,26965,26898.232422,50380200
2026-07-27,27080,27445,27040,27445,27377.042969,23747307
2026-07-28,27065,27110,26800,26830,26763.566406,14444868
2026-07-29,26900,27025,26510,26655,26589,16541373
2026-07-30,26270,26385,26105,26110,26110,23824168
2026-07-31,26325,26680,26325,26545,26545,38426684
2026-08-03,26745,26770,26625,26700,26700,27039695
2026-08-04,27010,27150,26790,27125,27125,20424047
2026-08-05,27470,27495,27325,27405,27405,26030770
2026-08-06,27255,27295,27080,27275,27275,18577903
2026-08-07,27230,27270,27075,27075,27075,33434339
